<?xml version="1.0" encoding="UTF-8"?>
<configurationDescriptor version="100">
  <logicalFolder name="root" displayName="root" projectFiles="true" kind="ROOT">
    <logicalFolder name="HeaderFiles"
                   displayName="Header Files"
                   projectFiles="true">
      <itemPath>BattleShip.h</itemPath>
      <itemPath>Carrier.h</itemPath>
      <itemPath>Coord.h</itemPath>
      <itemPath>Game.h</itemPath>
      <itemPath>Patrol.h</itemPath>
      <itemPath>Sub.h</itemPath>
      <itemPath>SubDes.h</itemPath>
      <itemPath>shipClass.h</itemPath>
    </logicalFolder>
    <logicalFolder name="ResourceFiles"
                   displayName="Resource Files"
                   projectFiles="true">
    </logicalFolder>
    <logicalFolder name="SourceFiles"
                   displayName="Source Files"
                   projectFiles="true">
      <itemPath>BattleShip.cpp</itemPath>
      <itemPath>Carrier.cpp</itemPath>
      <itemPath>Coord.cpp</itemPath>
      <itemPath>Game.cpp</itemPath>
      <itemPath>Patrol.cpp</itemPath>
      <itemPath>Ship.cpp</itemPath>
      <itemPath>Sub.cpp</itemPath>
      <itemPath>SubDes.cpp</itemPath>
      <itemPath>main.cpp</itemPath>
    </logicalFolder>
    <logicalFolder name="TestFiles"
                   displayName="Test Files"
                   projectFiles="false"
                   kind="TEST_LOGICAL_FOLDER">
    </logicalFolder>
    <logicalFolder name="ExternalFiles"
                   displayName="Important Files"
                   projectFiles="false"
                   kind="IMPORTANT_FILES_FOLDER">
      <itemPath>Makefile</itemPath>
    </logicalFolder>
  </logicalFolder>
  <projectmakefile>Makefile</projectmakefile>
  <confs>
    <conf name="Debug" type="1">
      <toolsSet>
        <compilerSet>default</compilerSet>
        <dependencyChecking>true</dependencyChecking>
        <rebuildPropChanged>false</rebuildPropChanged>
      </toolsSet>
      <compileType>
      </compileType>
      <item path="BattleShip.cpp" ex="false" tool="1" flavor2="0">
      </item>
      <item path="BattleShip.h" ex="false" tool="3" flavor2="0">
      </item>
      <item path="Carrier.cpp" ex="false" tool="1" flavor2="0">
      </item>
      <item path="Carrier.h" ex="false" tool="3" flavor2="0">
      </item>
      <item path="Coord.cpp" ex="false" tool="1" flavor2="0">
      </item>
      <item path="Coord.h" ex="false" tool="3" flavor2="0">
      </item>
      <item path="Game.cpp" ex="false" tool="1" flavor2="0">
      </item>
      <item path="Game.h" ex="false" tool="3" flavor2="0">
      </item>
      <item path="Patrol.cpp" ex="false" tool="1" flavor2="0">
      </item>
      <item path="Patrol.h" ex="false" tool="3" flavor2="0">
      </item>
      <item path="Ship.cpp" ex="false" tool="1" flavor2="0">
      </item>
      <item path="Sub.cpp" ex="false" tool="1" flavor2="0">
      </item>
      <item path="Sub.h" ex="false" tool="3" flavor2="0">
      </item>
      <item path="SubDes.cpp" ex="false" tool="1" flavor2="0">
      </item>
      <item path="SubDes.h" ex="false" tool="3" flavor2="0">
      </item>
      <item path="main.cpp" ex="false" tool="1" flavor2="0">
      </item>
      <item path="shipClass.h" ex="false" tool="3" flavor2="0">
      </item>
    </conf>
    <conf name="Release" type="1">
      <toolsSet>
        <compilerSet>default</compilerSet>
        <dependencyChecking>true</dependencyChecking>
        <rebuildPropChanged>false</rebuildPropChanged>
      </toolsSet>
      <compileType>
        <cTool>
          <developmentMode>5</developmentMode>
        </cTool>
        <ccTool>
          <developmentMode>5</developmentMode>
        </ccTool>
        <fortranCompilerTool>
          <developmentMode>5</developmentMode>
        </fortranCompilerTool>
        <asmTool>
          <developmentMode>5</developmentMode>
        </asmTool>
      </compileType>
      <item path="BattleShip.cpp" ex="false" tool="1" flavor2="0">
      </item>
      <item path="BattleShip.h" ex="false" tool="3" flavor2="0">
      </item>
      <item path="Carrier.cpp" ex="false" tool="1" flavor2="0">
      </item>
      <item path="Carrier.h" ex="false" tool="3" flavor2="0">
      </item>
      <item path="Coord.cpp" ex="false" tool="1" flavor2="0">
      </item>
      <item path="Coord.h" ex="false" tool="3" flavor2="0">
      </item>
      <item path="Game.cpp" ex="false" tool="1" flavor2="0">
      </item>
      <item path="Game.h" ex="false" tool="3" flavor2="0">
      </item>
      <item path="Patrol.cpp" ex="false" tool="1" flavor2="0">
      </item>
      <item path="Patrol.h" ex="false" tool="3" flavor2="0">
      </item>
      <item path="Ship.cpp" ex="false" tool="1" flavor2="0">
      </item>
      <item path="Sub.cpp" ex="false" tool="1" flavor2="0">
      </item>
      <item path="Sub.h" ex="false" tool="3" flavor2="0">
      </item>
      <item path="SubDes.cpp" ex="false" tool="1" flavor2="0">
      </item>
      <item path="SubDes.h" ex="false" tool="3" flavor2="0">
      </item>
      <item path="main.cpp" ex="false" tool="1" flavor2="0">
      </item>
      <item path="shipClass.h" ex="false" tool="3" flavor2="0">
      </item>
    </conf>
  </confs>
</configurationDescriptor>
