<?xml version="1.0" encoding="UTF-8"?>
<project-private xmlns="http://www.netbeans.org/ns/project-private/1">
    <data xmlns="http://www.netbeans.org/ns/make-project-private/1">
        <activeConfTypeElem>1</activeConfTypeElem>
        <activeConfIndexElem>0</activeConfIndexElem>
    </data>
    <editor-bookmarks xmlns="http://www.netbeans.org/ns/editor-bookmarks/2" lastBookmarkId="0"/>
    <open-files xmlns="http://www.netbeans.org/ns/projectui-open-files/2">
        <group>
            <file>file:/C:/Users/ringe/OneDrive/Desktop/CSC17_Project2/CSC17_Project2_Battleship_V2/Game.h</file>
            <file>file:/C:/Users/ringe/OneDrive/Desktop/CSC17_Project2/CSC17_Project2_Battleship_V2/BattleShip.h</file>
            <file>file:/C:/Users/ringe/OneDrive/Desktop/CSC17_Project2/CSC17_Project2_Battleship_V2/shipClass.h</file>
            <file>file:/C:/Users/ringe/OneDrive/Desktop/CSC17_Project2/CSC17_Project2_Battleship_V2/Carrier.cpp</file>
            <file>file:/C:/Users/ringe/OneDrive/Desktop/CSC17_Project2/CSC17_Project2_Battleship_V2/SubDes.h</file>
            <file>file:/C:/Users/ringe/OneDrive/Desktop/CSC17_Project2/CSC17_Project2_Battleship_V2/main.cpp</file>
            <file>file:/C:/Users/ringe/OneDrive/Desktop/CSC17_Project2/CSC17_Project2_Battleship_V2/Patrol.h</file>
            <file>file:/C:/Users/ringe/OneDrive/Desktop/CSC17_Project2/CSC17_Project2_Battleship_V2/Coord.cpp</file>
            <file>file:/C:/Users/ringe/OneDrive/Desktop/CSC17_Project2/CSC17_Project2_Battleship_V2/Carrier.h</file>
            <file>file:/C:/Users/ringe/OneDrive/Desktop/CSC17_Project2/CSC17_Project2_Battleship_V2/BattleShip.cpp</file>
            <file>file:/C:/Users/ringe/OneDrive/Desktop/CSC17_Project2/CSC17_Project2_Battleship_V2/Coord.h</file>
            <file>file:/C:/Users/ringe/OneDrive/Desktop/CSC17_Project2/CSC17_Project2_Battleship_V2/Patrol.cpp</file>
            <file>file:/C:/Users/ringe/OneDrive/Desktop/CSC17_Project2/CSC17_Project2_Battleship_V2/Game.cpp</file>
            <file>file:/C:/Users/ringe/OneDrive/Desktop/CSC17_Project2/CSC17_Project2_Battleship_V2/SubDes.cpp</file>
        </group>
    </open-files>
</project-private>
